{
  "model_name": "gesture_cnn_baseline",
  "model_type": "cnn",
  "labels": [
    "stop",
    "peace",
    "rock",
    "like",
    "dislike",
    "one",
    "two",
    "no_gesture"
  ],
  "label_to_id": {
    "stop": 0,
    "peace": 1,
    "rock": 2,
    "like": 3,
    "dislike": 4,
    "one": 5,
    "two": 6,
    "no_gesture": 7
  },
  "split_strategy": "subject",
  "warning": null,
  "counts": {
    "total": 8550,
    "train": 5400,
    "val": 1350,
    "test": 1800
  },
  "subjects": [
    "s01",
    "s02",
    "s03",
    "s04",
    "s05"
  ],
  "accuracy": 0.8333333333333334,
  "macro_f1": 0.8337268748485863,
  "classification_report": {
    "stop": {
      "precision": 0.9790575916230366,
      "recall": 0.8311111111111111,
      "f1-score": 0.8990384615384616,
      "support": 225.0
    },
    "peace": {
      "precision": 0.9950248756218906,
      "recall": 0.8888888888888888,
      "f1-score": 0.9389671361502347,
      "support": 225.0
    },
    "rock": {
      "precision": 0.852,
      "recall": 0.9466666666666667,
      "f1-score": 0.8968421052631579,
      "support": 225.0
    },
    "like": {
      "precision": 0.5917808219178082,
      "recall": 0.96,
      "f1-score": 0.7322033898305085,
      "support": 225.0
    },
    "dislike": {
      "precision": 0.7990430622009569,
      "recall": 0.7422222222222222,
      "f1-score": 0.7695852534562212,
      "support": 225.0
    },
    "one": {
      "precision": 0.8661971830985915,
      "recall": 0.5466666666666666,
      "f1-score": 0.670299727520436,
      "support": 225.0
    },
    "two": {
      "precision": 0.7934272300469484,
      "recall": 0.7511111111111111,
      "f1-score": 0.771689497716895,
      "support": 225.0
    },
    "no_gesture": {
      "precision": 0.982532751091703,
      "recall": 1.0,
      "f1-score": 0.9911894273127754,
      "support": 225.0
    },
    "accuracy": 0.8333333333333334,
    "macro avg": {
      "precision": 0.8573829394501169,
      "recall": 0.8333333333333334,
      "f1-score": 0.8337268748485863,
      "support": 1800.0
    },
    "weighted avg": {
      "precision": 0.8573829394501169,
      "recall": 0.8333333333333334,
      "f1-score": 0.8337268748485863,
      "support": 1800.0
    }
  },
  "confusion_matrix": [
    [
      187,
      1,
      14,
      18,
      3,
      0,
      0,
      2
    ],
    [
      0,
      200,
      0,
      25,
      0,
      0,
      0,
      0
    ],
    [
      4,
      0,
      213,
      3,
      0,
      3,
      0,
      2
    ],
    [
      0,
      0,
      0,
      216,
      9,
      0,
      0,
      0
    ],
    [
      0,
      0,
      5,
      50,
      167,
      1,
      2,
      0
    ],
    [
      0,
      0,
      18,
      12,
      30,
      123,
      42,
      0
    ],
    [
      0,
      0,
      0,
      41,
      0,
      15,
      169,
      0
    ],
    [
      0,
      0,
      0,
      0,
      0,
      0,
      0,
      225
    ]
  ],
  "history": {
    "accuracy": [
      0.7525925636291504,
      0.9422222375869751,
      0.9668518304824829,
      0.9775925874710083,
      0.9837037324905396,
      0.9868518710136414,
      0.9879629611968994,
      0.9894444346427917,
      0.9924073815345764,
      0.9916666746139526
    ],
    "loss": [
      0.8555827736854553,
      0.30031707882881165,
      0.19216123223304749,
      0.13726532459259033,
      0.10611311346292496,
      0.08960598707199097,
      0.07645627856254578,
      0.06528529524803162,
      0.05568347126245499,
      0.05230844393372536
    ],
    "val_accuracy": [
      0.8081481456756592,
      0.8503703474998474,
      0.8644444346427917,
      0.8622221946716309,
      0.872592568397522,
      0.8829629421234131,
      0.8829629421234131,
      0.8918518424034119,
      0.8925926089286804,
      0.8940740823745728
    ],
    "val_loss": [
      0.6948849558830261,
      0.5181010365486145,
      0.4519083797931671,
      0.4369026720523834,
      0.39290446043014526,
      0.38255688548088074,
      0.3625045120716095,
      0.36651378870010376,
      0.3537975251674652,
      0.35470038652420044
    ]
  },
  "image_size": 160,
  "epochs_requested": 10,
  "batch_size": 16,
  "pretrained": true
}