{
  "model_name": "gesture_cnn_baseline",
  "model_type": "cnn",
  "labels": [
    "stop",
    "peace",
    "rock",
    "like",
    "dislike",
    "one",
    "two",
    "no_gesture"
  ],
  "label_to_id": {
    "stop": 0,
    "peace": 1,
    "rock": 2,
    "like": 3,
    "dislike": 4,
    "one": 5,
    "two": 6,
    "no_gesture": 7
  },
  "split_strategy": "subject",
  "warning": null,
  "counts": {
    "total": 7200,
    "train": 3600,
    "val": 1800,
    "test": 1800
  },
  "subjects": [
    "s01",
    "s02",
    "s03",
    "s04"
  ],
  "accuracy": 0.7416666666666667,
  "macro_f1": 0.7381208166214113,
  "classification_report": {
    "stop": {
      "precision": 0.9215686274509803,
      "recall": 0.6266666666666667,
      "f1-score": 0.746031746031746,
      "support": 225.0
    },
    "peace": {
      "precision": 0.9502262443438914,
      "recall": 0.9333333333333333,
      "f1-score": 0.9417040358744395,
      "support": 225.0
    },
    "rock": {
      "precision": 0.6854460093896714,
      "recall": 0.6488888888888888,
      "f1-score": 0.6666666666666666,
      "support": 225.0
    },
    "like": {
      "precision": 0.5083932853717026,
      "recall": 0.9422222222222222,
      "f1-score": 0.660436137071651,
      "support": 225.0
    },
    "dislike": {
      "precision": 0.6240601503759399,
      "recall": 0.3688888888888889,
      "f1-score": 0.46368715083798884,
      "support": 225.0
    },
    "one": {
      "precision": 0.6875,
      "recall": 0.6355555555555555,
      "f1-score": 0.6605080831408776,
      "support": 225.0
    },
    "two": {
      "precision": 0.7847533632286996,
      "recall": 0.7777777777777778,
      "f1-score": 0.78125,
      "support": 225.0
    },
    "no_gesture": {
      "precision": 0.9698275862068966,
      "recall": 1.0,
      "f1-score": 0.9846827133479212,
      "support": 225.0
    },
    "accuracy": 0.7416666666666667,
    "macro avg": {
      "precision": 0.7664719082959728,
      "recall": 0.7416666666666667,
      "f1-score": 0.7381208166214113,
      "support": 1800.0
    },
    "weighted avg": {
      "precision": 0.7664719082959727,
      "recall": 0.7416666666666667,
      "f1-score": 0.7381208166214113,
      "support": 1800.0
    }
  },
  "confusion_matrix": [
    [
      141,
      8,
      33,
      16,
      23,
      0,
      0,
      4
    ],
    [
      0,
      210,
      0,
      15,
      0,
      0,
      0,
      0
    ],
    [
      12,
      0,
      146,
      40,
      12,
      12,
      0,
      3
    ],
    [
      0,
      3,
      1,
      212,
      8,
      1,
      0,
      0
    ],
    [
      0,
      0,
      6,
      102,
      83,
      27,
      7,
      0
    ],
    [
      0,
      0,
      27,
      7,
      7,
      143,
      41,
      0
    ],
    [
      0,
      0,
      0,
      25,
      0,
      25,
      175,
      0
    ],
    [
      0,
      0,
      0,
      0,
      0,
      0,
      0,
      225
    ]
  ],
  "history": {
    "accuracy": [
      0.6911110877990723,
      0.9347222447395325,
      0.965833306312561,
      0.9769444465637207,
      0.9850000143051147,
      0.9888888597488403,
      0.9900000095367432,
      0.9936110973358154,
      0.991944432258606
    ],
    "loss": [
      1.0198436975479126,
      0.36505603790283203,
      0.2194347232580185,
      0.1574109047651291,
      0.11902900040149689,
      0.0948341116309166,
      0.07926372438669205,
      0.06364020705223083,
      0.056483637541532516
    ],
    "val_accuracy": [
      0.7761111259460449,
      0.7838888764381409,
      0.7883333563804626,
      0.7938888669013977,
      0.7922222018241882,
      0.7955555319786072,
      0.7944444417953491,
      0.8022222518920898,
      0.7877777814865112
    ],
    "val_loss": [
      0.8125491142272949,
      0.6880856156349182,
      0.6372040510177612,
      0.593744158744812,
      0.5896316766738892,
      0.5857530236244202,
      0.5856897830963135,
      0.5977951884269714,
      0.5983006954193115
    ]
  },
  "image_size": 160,
  "epochs_requested": 10,
  "batch_size": 16,
  "pretrained": true
}